Parameter 1	Parameter 2	Parameter 3	Parameter 4	Parameter 5	Parameter 6	Parameter 7	Parameter 1	Parameter 2	Parameter 3	Parameter 4	Parameter 5	Parameter 6	Parameter 7	Parameter 8
1.2194889812825978	-1.332771273024508E-6	0.5894303816999398	0.43531257182535754	0.16959461903092368	1.0	0.7412847109694378	0.5	-0.10918856109013617	-0.15375883005199648	0.17169726494592938	1.3714565096748241	0.0	1.0	0.0	0.0	0.5