Parameter 1	Parameter 2	Parameter 3	Parameter 4	Parameter 5	Parameter 6	Parameter 7	Parameter 1	Parameter 2	Parameter 3	Parameter 4	Parameter 5	Parameter 6	Parameter 7	Parameter 8
1.3265550447410903	0.3402905427979032	0.1720165704642445	-0.7773511865749232	36.35252567429562	1.0	148.70637343891218	0.5	20.008608269523194	-13.854927386053069	3.8439900972920515	0.4772902284227268	0.0	1.0	465.9978268927131	0.10000000305489382	0.5