Parameter 1	Parameter 2	Parameter 3	Parameter 4	Parameter 5	Parameter 6	Parameter 7	Parameter 1	Parameter 2	Parameter 3	Parameter 4	Parameter 5	Parameter 6	Parameter 7	Parameter 8
1.3265550447410903	0.3402905427979032	0.1720165704642445	-0.7773511865749232	36.35252567429562	1.0	148.70637343891218	0.5	-1.9248667027864141	0.04370263326692632	0.08953064693355885	2.43972413213791	14.440002436576725	1.0	16.501232582281617	0.1	0.5