Parameter 1	Parameter 2	Parameter 3	Parameter 4	Parameter 5	Parameter 6	Parameter 7	Parameter 1	Parameter 2	Parameter 3	Parameter 4	Parameter 5	Parameter 6	Parameter 7	Parameter 8
0.6749064591184829	0.17313013928167226	0.172017787119824	-0.39548712630092275	0.0	1.0	0.0	0.5	0.2497069306297177	0.15279350560876861	0.28966363625786706	0.03679872927839644	0.14497527993907677	1.0	0.0	1.0	0.5